[
  {
    "id": "d34fc186-45e9-42e3-940c-62a61e49ca3b",
    "data": [
      {
        "text": "No",
        "meta": "@sys.given-name",
        "alias": "given-name",
        "userDefined": true
      }
    ],
    "isTemplate": false,
    "count": 1,
    "lang": "en",
    "updated": 0
  },
  {
    "id": "fd594ae7-3c74-4e56-84de-f1a778a00015",
    "data": [
      {
        "text": "no",
        "meta": "@sys.ignore",
        "userDefined": true
      }
    ],
    "isTemplate": false,
    "count": 2,
    "lang": "en",
    "updated": 0
  }
]