[
  {
    "id": "2f709589-e05e-4934-8435-8036caf2ed56",
    "data": [
      {
        "text": "awasc",
        "meta": "@sys.any",
        "alias": "any",
        "userDefined": true
      }
    ],
    "isTemplate": false,
    "count": 0,
    "lang": "en",
    "updated": 0
  },
  {
    "id": "02cfe6f8-6e6a-47da-bec6-b26162618239",
    "data": [
      {
        "text": "drinks",
        "userDefined": false
      }
    ],
    "isTemplate": false,
    "count": 0,
    "lang": "en",
    "updated": 0
  }
]