[
  {
    "id": "f2cba3db-9640-456f-a8ce-5075914014e4",
    "data": [
      {
        "text": "other",
        "meta": "@sys.any",
        "alias": "any",
        "userDefined": true
      }
    ],
    "isTemplate": false,
    "count": 0,
    "lang": "en",
    "updated": 0
  },
  {
    "id": "67a66b0b-a8c9-4169-be6c-efcd4548e58b",
    "data": [
      {
        "text": "ice ",
        "userDefined": false
      },
      {
        "text": "cream",
        "meta": "@sys.any",
        "alias": "any",
        "userDefined": true
      }
    ],
    "isTemplate": false,
    "count": 0,
    "lang": "en",
    "updated": 0
  },
  {
    "id": "afb272cd-4702-4e8e-8245-5d8b5990152e",
    "data": [
      {
        "text": "soda",
        "meta": "@sys.any",
        "alias": "any",
        "userDefined": true
      }
    ],
    "isTemplate": false,
    "count": 0,
    "lang": "en",
    "updated": 0
  },
  {
    "id": "c91da23c-197b-48e3-8aad-03acbbc8e584",
    "data": [
      {
        "text": "jamun",
        "userDefined": false
      }
    ],
    "isTemplate": false,
    "count": 0,
    "lang": "en",
    "updated": 0
  }
]